{"cameraMode":{"drawMode":0,"name":"Shaded","section":"Shading Mode"},"sceneLighting":true,"audioPlay":false,"sceneViewState":{"m_AlwaysRefresh":false,"showFog":true,"showSkybox":true,"showFlares":true,"showImageEffects":true,"showParticleSystems":true,"showVisualEffectGraphs":true,"m_FxEnabled":true},"in2DMode":false,"pivot":{"x":-0.24282455444335938,"y":1.6877269744873047,"z":-0.9276809692382813},"rotation":{"x":-0.08714235574007034,"y":0.8951647877693176,"z":-0.20093747973442079,"w":-0.3882145881652832},"size":5.72004508972168,"orthographic":false}